x,y,zx,zy,zxy,ncd
EARTH,MARS,87,92,148,0.6630434782608695
EARTH,MERCURY,87,92,150,0.6847826086956522
EARTH,VENUS,87,94,150,0.6702127659574468
MARS,MERCURY,92,92,151,0.6413043478260869
MARS,VENUS,92,94,154,0.6595744680851063
MERCURY,VENUS,92,94,156,0.6808510638297872
